Frequency (Hz),Amplitude (mm)
62.832,0.0089625
125.66,0.001966
188.5,0.00090307
251.33,0.00065524
314.16,0.00038848
376.99,0.00026778
439.82,0.00018745
502.65,0.00013332
565.49,9.70E-05
628.32,7.29E-05
691.15,5.58E-05
753.98,4.33E-05
816.81,3.48E-05
879.65,2.78E-05
942.48,2.32E-05
